id,full_name,email,department,role,salary,pan_no,created_at
emp_061ece2512,Nikhil Kumar,emp.nikhil.kumar1@enterprise-corp.in,Legal & Compliance,Data Protection Officer,118031,RHAPI6615B,2025-05-25T10:59:26.177Z
emp_a4d8925d86,Sneha Iyer,emp.sneha.iyer2@enterprise-corp.in,Human Resources,Payroll Lead,81954,OWBPW6236M,2024-12-06T10:59:26.177Z
emp_0ecb30049d,Abhishek Reddy,emp.abhishek.reddy3@enterprise-corp.in,Legal & Compliance,Data Protection Officer,63346,MBDPL2969C,2025-03-16T10:59:26.177Z
emp_ab010daa74,Neha Nair,emp.neha.nair4@enterprise-corp.in,Finance & Accounts,Staff Accountant,241338,CITPA4448O,2026-04-14T10:59:26.177Z
emp_be7b12420c,Rahul Agarwal,emp.rahul.agarwal5@enterprise-corp.in,Finance & Accounts,Senior Financial Analyst,48569,UPBPG3176E,2026-06-08T10:59:26.177Z
emp_51e2c1c0a8,Karan Chauhan,emp.karan.chauhan6@enterprise-corp.in,Legal & Compliance,Legal Counsel,92887,BQJPS7765R,2025-06-24T10:59:26.177Z
emp_a76f8794cc,Dev Dubey,emp.dev.dubey7@enterprise-corp.in,Customer Support,Escalations Manager,217345,STYPD2902L,2025-02-22T10:59:26.177Z
emp_3a9e6ca917,Manish Kapoor,emp.manish.kapoor8@enterprise-corp.in,Marketing & Sales,Account Executive,174601,DQCPV3970K,2025-11-11T10:59:26.177Z
emp_37e71dc416,Aarav Kapoor,emp.aarav.kapoor9@enterprise-corp.in,Customer Support,Customer Success Lead,165832,VKDPA0721T,2025-06-01T10:59:26.177Z
emp_7bc26d69f5,Nikhil Kumar,emp.nikhil.kumar10@enterprise-corp.in,Legal & Compliance,Data Protection Officer,158245,GINPZ7106E,2025-10-05T10:59:26.177Z
emp_4a9bdfc10d,Vikram Gupta,emp.vikram.gupta11@enterprise-corp.in,Customer Support,Customer Success Lead,245183,WUMPT4092P,2025-09-27T10:59:26.177Z
emp_467de711d7,Neha Bhattacharya,emp.neha.bhattacharya12@enterprise-corp.in,Human Resources,HR Manager,80781,DBPPJ5481P,2026-04-22T10:59:26.177Z
emp_8aeabaa384,Tanvi Bhatia,emp.tanvi.bhatia13@enterprise-corp.in,Human Resources,Payroll Lead,99623,KIFPI4080V,2024-10-08T10:59:26.177Z
emp_6f041ce38c,Gaurav Deshmukh,emp.gaurav.deshmukh14@enterprise-corp.in,Engineering,Senior DevOps,95499,HEIPU7039R,2026-04-14T10:59:26.177Z
emp_386492948c,Pallavi Sharma,emp.pallavi.sharma15@enterprise-corp.in,Customer Support,Customer Success Lead,87272,NMNPJ2778O,2026-03-07T10:59:26.177Z
emp_279f1501fd,Harsh Verma,emp.harsh.verma16@enterprise-corp.in,Finance & Accounts,Staff Accountant,139901,JQLPW4849Z,2024-10-16T10:59:26.177Z
emp_97da5453dc,Swati Kumar,emp.swati.kumar17@enterprise-corp.in,Human Resources,Payroll Lead,90886,QDQPL7923R,2025-12-13T10:59:26.177Z
emp_643ac53e5c,Pooja Verma,emp.pooja.verma18@enterprise-corp.in,Customer Support,Escalations Manager,136569,KZEPM7520O,2024-11-21T10:59:26.177Z
emp_f607ccf27f,Sneha Dubey,emp.sneha.dubey19@enterprise-corp.in,Marketing & Sales,Growth Marketing Manager,130171,KFQPM8512T,2026-05-14T10:59:26.177Z
emp_af4514127b,Abhishek Mukherjee,emp.abhishek.mukherjee20@enterprise-corp.in,Engineering,Software Engineer,228308,PPZPF3525I,2025-07-01T10:59:26.177Z
emp_5e577e5fc2,Sanjay Pandey,emp.sanjay.pandey21@enterprise-corp.in,Human Resources,Payroll Lead,200374,WOYPZ4369Y,2025-09-18T10:59:26.177Z
emp_3d0540395b,Aditya Joshi,emp.aditya.joshi22@enterprise-corp.in,Engineering,QA Lead,135775,HYNPS5689J,2025-02-14T10:59:26.177Z
emp_dfe5cea32f,Abhishek Mukherjee,emp.abhishek.mukherjee23@enterprise-corp.in,Finance & Accounts,Senior Financial Analyst,203117,RIGPS9491L,2026-07-30T10:59:26.177Z
emp_70d9c096e8,Simran Iyer,emp.simran.iyer24@enterprise-corp.in,Engineering,Principal Architect,120015,SWEPS3938Z,2024-10-25T10:59:26.177Z
emp_73e05a196f,Alok Trivedi,emp.alok.trivedi25@enterprise-corp.in,Human Resources,HR Manager,53471,SWDPX5605E,2026-06-24T10:59:26.177Z
emp_1f35992880,Ananya Sharma,emp.ananya.sharma26@enterprise-corp.in,Human Resources,HR Manager,230419,HXJPM1489U,2025-12-11T10:59:26.177Z
emp_cb790812ef,Aditya Mukherjee,emp.aditya.mukherjee27@enterprise-corp.in,Marketing & Sales,Growth Marketing Manager,197978,OJKPN0767H,2026-05-24T10:59:26.177Z
emp_6f37a5d8fb,Isha Chatterjee,emp.isha.chatterjee28@enterprise-corp.in,Customer Support,Escalations Manager,242053,IJLPZ1683N,2024-12-08T10:59:26.177Z
emp_984b02034c,Alok Pillai,emp.alok.pillai29@enterprise-corp.in,Human Resources,Payroll Lead,68354,RJVPC2695H,2025-10-06T10:59:26.177Z
emp_f98971389f,Kunal Bhatia,emp.kunal.bhatia30@enterprise-corp.in,Finance & Accounts,Tax Consultant,185101,VFFPN9834Q,2026-04-22T10:59:26.177Z
emp_7fe95587ff,Ritu Kulkarni,emp.ritu.kulkarni31@enterprise-corp.in,Marketing & Sales,Growth Marketing Manager,198175,GCGPE0903Z,2025-08-26T10:59:26.177Z
emp_78665b0223,Deepika Bhattacharya,emp.deepika.bhattacharya32@enterprise-corp.in,Legal & Compliance,Data Protection Officer,180185,TBTPB9787K,2026-02-08T10:59:26.177Z
emp_b6e3464077,Arjun Iyer,emp.arjun.iyer33@enterprise-corp.in,Customer Support,Customer Success Lead,53069,YQVPI1714A,2025-04-14T10:59:26.177Z
emp_bba3d07169,Vikram Pillai,emp.vikram.pillai34@enterprise-corp.in,Marketing & Sales,Growth Marketing Manager,149418,WEJPK5585Y,2025-07-27T10:59:26.177Z
emp_b366ef5721,Swati Trivedi,emp.swati.trivedi35@enterprise-corp.in,Engineering,Senior DevOps,104690,UQTPA3654Y,2025-10-02T10:59:26.177Z
emp_8912ba4da1,Bhavna Kapoor,emp.bhavna.kapoor36@enterprise-corp.in,Legal & Compliance,Compliance Officer,175191,QMJPV8727R,2025-10-13T10:59:26.177Z
emp_694be5f363,Aditya Pandey,emp.aditya.pandey37@enterprise-corp.in,Finance & Accounts,Staff Accountant,67351,EOMPO4496X,2025-03-07T10:59:26.177Z
emp_e74a50bd18,Arjun Rao,emp.arjun.rao38@enterprise-corp.in,Engineering,Software Engineer,131585,HBNPF1917A,2025-07-31T10:59:26.177Z
emp_0cfd63410f,Varun Singh,emp.varun.singh39@enterprise-corp.in,Finance & Accounts,Staff Accountant,100680,PVSPF5539N,2025-08-09T10:59:26.177Z
emp_21372e66ea,Ananya Malhotra,emp.ananya.malhotra40@enterprise-corp.in,Human Resources,Payroll Lead,186891,ZXVPM8712T,2025-10-20T10:59:26.177Z
emp_9e3505f29b,Anjali Kumar,emp.anjali.kumar41@enterprise-corp.in,Legal & Compliance,Data Protection Officer,135857,TUCPL3645N,2025-01-06T10:59:26.177Z
emp_5fb13e1bd0,Anjali Bhatia,emp.anjali.bhatia42@enterprise-corp.in,Finance & Accounts,Senior Financial Analyst,128303,DNMPB1125G,2024-10-04T10:59:26.177Z
emp_5ca37ff0ff,Simran Kulkarni,emp.simran.kulkarni43@enterprise-corp.in,Customer Support,Customer Support Executive,220696,VBMPZ5790O,2025-01-20T10:59:26.177Z
emp_9cc8ab7a3c,Harsh Joshi,emp.harsh.joshi44@enterprise-corp.in,Engineering,Software Engineer,112192,BRJPD0269T,2025-10-16T10:59:26.177Z
emp_613adf43e6,Deepika Saxena,emp.deepika.saxena45@enterprise-corp.in,Human Resources,Payroll Lead,160276,BKMPM2805A,2025-05-20T10:59:26.177Z
emp_cd5461d842,Meera Agarwal,emp.meera.agarwal46@enterprise-corp.in,Finance & Accounts,Tax Consultant,244353,FZVPB3466O,2025-03-29T10:59:26.177Z
emp_125e997e22,Rohan Sharma,emp.rohan.sharma47@enterprise-corp.in,Engineering,Principal Architect,121571,HRAPB9780R,2025-09-16T10:59:26.177Z
emp_b591261559,Neha Trivedi,emp.neha.trivedi48@enterprise-corp.in,Customer Support,Escalations Manager,238841,JQSPT2532U,2024-09-23T10:59:26.177Z
emp_0c802f5d11,Bhavna Trivedi,emp.bhavna.trivedi49@enterprise-corp.in,Marketing & Sales,Account Executive,92013,WSBPC7036V,2025-05-28T10:59:26.177Z
emp_2a32e41b61,Karan Sharma,emp.karan.sharma50@enterprise-corp.in,Legal & Compliance,Legal Counsel,202223,JOOPO0260B,2025-05-24T10:59:26.177Z
emp_f5141195a0,Shweta Mehta,emp.shweta.mehta51@enterprise-corp.in,Legal & Compliance,Legal Counsel,70423,RFEPG4519N,2024-10-07T10:59:26.177Z
emp_1533d7306d,Aarav Bhatia,emp.aarav.bhatia52@enterprise-corp.in,Marketing & Sales,Account Executive,153465,IEBPX2148J,2025-10-18T10:59:26.177Z
emp_1a49aab21e,Manish Sharma,emp.manish.sharma53@enterprise-corp.in,Engineering,Software Engineer,93830,VYPPX0648V,2025-03-16T10:59:26.177Z
emp_ef52a7a083,Arjun Agarwal,emp.arjun.agarwal54@enterprise-corp.in,Finance & Accounts,Tax Consultant,200934,DZZPO6265E,2025-05-21T10:59:26.177Z
emp_13f46b6e26,Pallavi Bhattacharya,emp.pallavi.bhattacharya55@enterprise-corp.in,Finance & Accounts,Senior Financial Analyst,199296,CPCPW1202Y,2024-11-04T10:59:26.177Z
emp_8aa13e1569,Sneha Pandey,emp.sneha.pandey56@enterprise-corp.in,Human Resources,Talent Acquisition Specialist,152944,YQTPZ1897A,2026-04-20T10:59:26.177Z
emp_6d6a6a0781,Ritika Sharma,emp.ritika.sharma57@enterprise-corp.in,Legal & Compliance,Data Protection Officer,195617,PKQPS9735I,2025-01-29T10:59:26.177Z
emp_cf527e05b6,Kavita Joshi,emp.kavita.joshi58@enterprise-corp.in,Customer Support,Customer Support Executive,116987,UOTPW9087A,2025-02-09T10:59:26.177Z
emp_eb637c7ebd,Harsh Kumar,emp.harsh.kumar59@enterprise-corp.in,Engineering,Software Engineer,123307,UBPPE8927A,2024-12-02T10:59:26.177Z
emp_2097d1fe87,Anjali Saxena,emp.anjali.saxena60@enterprise-corp.in,Marketing & Sales,Account Executive,129467,OCHPU4914Z,2025-06-21T10:59:26.177Z
emp_59c31394f2,Pallavi Patel,emp.pallavi.patel61@enterprise-corp.in,Marketing & Sales,Product Marketing Lead,81472,WICPS0552U,2025-06-27T10:59:26.177Z
emp_a1942283e1,Karan Bhattacharya,emp.karan.bhattacharya62@enterprise-corp.in,Finance & Accounts,Senior Financial Analyst,239634,QONPB7458C,2025-09-29T10:59:26.177Z
emp_38c57b1291,Rahul Bhatia,emp.rahul.bhatia63@enterprise-corp.in,Engineering,Software Engineer,247088,ZKYPR8910R,2024-11-19T10:59:26.177Z
emp_35e016ad40,Aarav Chauhan,emp.aarav.chauhan64@enterprise-corp.in,Engineering,Software Engineer,216122,BCVPC5390B,2026-01-03T10:59:26.177Z
emp_3fe5a73cab,Meera Agarwal,emp.meera.agarwal65@enterprise-corp.in,Finance & Accounts,Senior Financial Analyst,76780,ORZPN9047T,2025-12-09T10:59:26.177Z
emp_660ab5db0c,Kavita Bhattacharya,emp.kavita.bhattacharya66@enterprise-corp.in,Human Resources,HR Manager,180439,HYXPL7434B,2025-12-28T10:59:26.177Z
emp_b40c93eee9,Swati Dubey,emp.swati.dubey67@enterprise-corp.in,Legal & Compliance,Compliance Officer,49260,EBGPS0651U,2025-07-09T10:59:26.177Z
emp_322a40efbd,Divya Trivedi,emp.divya.trivedi68@enterprise-corp.in,Legal & Compliance,Data Protection Officer,148598,UZDPL9686C,2026-07-30T10:59:26.177Z
emp_b572ddbdd2,Rahul Chauhan,emp.rahul.chauhan69@enterprise-corp.in,Engineering,QA Lead,163705,IASPI3394B,2024-10-06T10:59:26.177Z
emp_e17268e331,Deepika Saxena,emp.deepika.saxena70@enterprise-corp.in,Legal & Compliance,Compliance Officer,85996,BGFPS7219J,2025-08-06T10:59:26.177Z
emp_dc8d9e5c6d,Simran Pillai,emp.simran.pillai71@enterprise-corp.in,Finance & Accounts,Senior Financial Analyst,240951,QUQPZ1155L,2025-03-07T10:59:26.177Z
emp_d0218c0ceb,Sunita Chopra,emp.sunita.chopra72@enterprise-corp.in,Legal & Compliance,Legal Counsel,172405,RUJPQ0040V,2025-08-01T10:59:26.177Z
emp_ed34561d9f,Aditya Nair,emp.aditya.nair73@enterprise-corp.in,Legal & Compliance,Compliance Officer,140735,IFLPK2537Q,2025-01-08T10:59:26.177Z
emp_5b03eadd5e,Divya Joshi,emp.divya.joshi74@enterprise-corp.in,Engineering,QA Lead,165464,FMSPK1380B,2025-02-21T10:59:26.177Z
emp_c08231fde5,Ritika Mehta,emp.ritika.mehta75@enterprise-corp.in,Finance & Accounts,Senior Financial Analyst,53283,IXZPE2583S,2025-12-11T10:59:26.177Z
emp_86d5fdebcd,Meera Bose,emp.meera.bose76@enterprise-corp.in,Customer Support,Customer Support Executive,87250,AYSPP9157Q,2025-12-09T10:59:26.177Z
emp_48dd2ef875,Priya Deshmukh,emp.priya.deshmukh77@enterprise-corp.in,Legal & Compliance,Legal Counsel,135070,UDDPU4129V,2026-01-21T10:59:26.177Z
emp_eba10eeea1,Kavita Kulkarni,emp.kavita.kulkarni78@enterprise-corp.in,Legal & Compliance,Data Protection Officer,153745,BYJPM8021W,2025-10-21T10:59:26.177Z
emp_170bbd4fe2,Sneha Patel,emp.sneha.patel79@enterprise-corp.in,Customer Support,Customer Success Lead,141346,GVKPU0842D,2025-01-31T10:59:26.177Z
emp_ae3fa55b7e,Neha Malhotra,emp.neha.malhotra80@enterprise-corp.in,Legal & Compliance,Legal Counsel,215143,OMOPF3674W,2026-01-09T10:59:26.177Z
emp_cf595fcf81,Neha Bose,emp.neha.bose81@enterprise-corp.in,Marketing & Sales,Account Executive,246519,PFNPI4014T,2025-01-09T10:59:26.177Z
emp_3542d88853,Simran Pandey,emp.simran.pandey82@enterprise-corp.in,Engineering,QA Lead,70076,LGQPD9201J,2025-03-09T10:59:26.177Z
emp_5fc8fa2a61,Harsh Pandey,emp.harsh.pandey83@enterprise-corp.in,Legal & Compliance,Legal Counsel,73559,GDYPH0521A,2024-10-07T10:59:26.177Z
emp_a43b6350b9,Manish Kulkarni,emp.manish.kulkarni84@enterprise-corp.in,Engineering,Senior DevOps,216435,EYSPH3032O,2026-05-17T10:59:26.177Z
emp_f0104c4442,Sanjay Trivedi,emp.sanjay.trivedi85@enterprise-corp.in,Marketing & Sales,Product Marketing Lead,182041,QSBPG8038B,2024-10-29T10:59:26.177Z
emp_035b46b3e9,Tanvi Gupta,emp.tanvi.gupta86@enterprise-corp.in,Marketing & Sales,Product Marketing Lead,188278,NZNPW8219E,2025-03-26T10:59:26.177Z
emp_1c6aef8f90,Amit Rao,emp.amit.rao87@enterprise-corp.in,Legal & Compliance,Compliance Officer,204376,FMKPM0197B,2025-08-19T10:59:26.177Z
emp_a9aed3a70e,Ritika Trivedi,emp.ritika.trivedi88@enterprise-corp.in,Engineering,Software Engineer,198667,KMSPE3049A,2025-09-08T10:59:26.177Z
emp_3a8a77a9ca,Nikhil Bose,emp.nikhil.bose89@enterprise-corp.in,Legal & Compliance,Data Protection Officer,238052,SORPC3406W,2025-12-26T10:59:26.177Z
emp_28339217ad,Dev Singh,emp.dev.singh90@enterprise-corp.in,Human Resources,Talent Acquisition Specialist,172978,UZZPM0265O,2025-06-21T10:59:26.177Z
emp_175ff30b97,Simran Reddy,emp.simran.reddy91@enterprise-corp.in,Marketing & Sales,Product Marketing Lead,78124,JDFPQ0531M,2025-12-07T10:59:26.177Z
emp_f900462cd9,Arjun Kumar,emp.arjun.kumar92@enterprise-corp.in,Finance & Accounts,Senior Financial Analyst,199051,AUKPG2874G,2025-01-23T10:59:26.177Z
emp_f96fe87023,Sunita Kulkarni,emp.sunita.kulkarni93@enterprise-corp.in,Legal & Compliance,Data Protection Officer,199010,VCFPQ5916Q,2025-01-19T10:59:26.177Z
emp_d1db6fff8d,Alok Malhotra,emp.alok.malhotra94@enterprise-corp.in,Human Resources,Talent Acquisition Specialist,135557,JDJPW3910A,2025-10-17T10:59:26.177Z
emp_711af72636,Arjun Malhotra,emp.arjun.malhotra95@enterprise-corp.in,Human Resources,Talent Acquisition Specialist,122131,GERPL4107Y,2025-04-26T10:59:26.177Z
emp_f4e01767af,Sanjay Mishra,emp.sanjay.mishra96@enterprise-corp.in,Legal & Compliance,Compliance Officer,241881,NHZPM2333G,2024-10-02T10:59:26.177Z
emp_f20e414d83,Ritu Patel,emp.ritu.patel97@enterprise-corp.in,Engineering,Software Engineer,132585,TLBPZ2914A,2026-01-09T10:59:26.177Z
emp_38ccfe290f,Deepika Gupta,emp.deepika.gupta98@enterprise-corp.in,Customer Support,Escalations Manager,137922,WXPPG4055S,2025-04-01T10:59:26.177Z
emp_0b0f6996f7,Sunita Kumar,emp.sunita.kumar99@enterprise-corp.in,Legal & Compliance,Data Protection Officer,125756,CKNPW8094X,2024-10-14T10:59:26.177Z
emp_172ce61450,Siddharth Mehta,emp.siddharth.mehta100@enterprise-corp.in,Customer Support,Customer Success Lead,84693,BFGPQ1196U,2025-01-30T10:59:26.177Z